country,constitutional_protection,statutory_protection,privacy_enforcement,identity_cards_and_biometrics,data_sharing,visual_surveillance,communication_interception,workplace_monitoring,government_access_to_data,communication_data_retention,surveillance_medical_financial_movement,border_and_trans_border_issues,leadership,democratic_safeguards,total,score_card,iso_code,numeric_code,electronic_transactions,consumer_protection,privacy_and_data_protection,cybercrime,indirect_taxation,africa,latin_america_and_caribbean,asia_and_oceania,developing_countries,developed_countries,least_developed_countries,landlocked_developing_countries,small_island_developing_states,europe,northern_america,internet_users,2024,population,internet_pct,region,laws_count,law_group,privacy_score,law_score,users_score,digital_score,joint_score
Ireland,3.3,3.2,3.1,3.3,3.7,3.0,2.9,3.2,3.1,3.1,2.6,3.2,3.5,3.2,3.171428571,Adequate Safeguards,IRL,372,Legislation,Legislation,Legislation,Legislation,Legislation,0.0,0.0,0.0,0.0,1.0,0.0,0.0,0.0,1.0,0.0,5244044,5395790.0,5395790.0,97.19,Europe,5,All 5 laws,100.0,100.0,92.5925925925926,96.2962962962963,98.14814814814815
France,2.9,3.4,3.4,3.4,2.7,3.1,3.1,3.3,3.1,2.8,3.2,3.1,2.7,3.1,3.092857143,Adequate Safeguards,FRA,250,Legislation,Legislation,Legislation,Legislation,Legislation,0.0,0.0,0.0,0.0,1.0,0.0,0.0,0.0,1.0,0.0,60773656,68551653.0,68551653.0,88.65,Europe,5,All 5 laws,94.41624369486459,100.0,68.07349985644562,84.0367499282228,89.2264968115437
Portugal,3.1,2.8,3.4,3.6,3.3,3.2,2.8,3.3,3.1,2.9,2.8,3.1,2.7,2.9,3.071428571,Adequate Safeguards,PRT,620,Legislation,Legislation,Legislation,Legislation,Legislation,0.0,0.0,0.0,0.0,1.0,0.0,0.0,0.0,1.0,0.0,9463407,10694681.0,10694681.0,88.49,Europe,5,All 5 laws,92.89340101450698,100.0,67.61412575366063,83.80706287683032,88.35023194566864
Denmark,2.9,3.3,3.0,2.9,3.4,3.2,3.2,3.1,3.1,2.6,2.7,3.1,3.3,3.1,3.064285714,Adequate Safeguards,DNK,208,Legislation,Legislation,Legislation,Legislation,Legislation,0.0,0.0,0.0,0.0,1.0,0.0,0.0,0.0,1.0,0.0,5963194,5976992.0,5976992.0,99.77,Europe,5,All 5 laws,92.38578681140973,100.0,100.0,100.0,96.19289340570487
Malta,3.1,3.5,3.8,2.9,2.8,3.2,2.7,3.3,3.1,3.4,2.7,2.9,2.8,2.2,3.028571429,Some Safeguards/Weakened Protection,MLT,470,Legislation,Legislation,Legislation,Legislation,Legislation,0.0,0.0,0.0,0.0,1.0,0.0,0.0,0.0,1.0,0.0,533922,568847.0,568847.0,93.86,Europe,5,All 5 laws,89.84771579592362,100.0,83.03186907838071,91.51593453919035,90.68182516755698
Lithuania,3.3,3.1,3.3,2.6,2.9,3.3,3.1,3.2,3.0,3.2,2.7,2.8,2.9,3.0,3.028571429,Some Safeguards/Weakened Protection,LTU,440,Legislation,Legislation,Legislation,Legislation,Legislation,0.0,0.0,0.0,0.0,1.0,0.0,0.0,0.0,1.0,0.0,2575222,2888278.0,2888278.0,89.16,Europe,5,All 5 laws,89.84771579592362,100.0,69.53775480907264,84.76887740453631,87.30829660022997
Cyprus,3.1,3.1,3.2,2.3,3.1,3.6,3.1,3.1,3.0,2.9,3.2,2.7,2.8,3.1,3.021428571,Some Safeguards/Weakened Protection,CYP,196,Legislation,No Legislation,Legislation,Legislation,No Legislation,0.0,0.0,1.0,0.0,1.0,0.0,0.0,0.0,0.0,0.0,1217034,1358282.0,1358282.0,89.6,Asia & Oceania,3,Missing 1+ laws,89.34010152176042,60.0,70.80103359173125,65.40051679586563,77.37030915881303
United Kingdom,2.9,3.4,3.4,3.2,2.9,3.1,3.1,2.8,3.1,2.8,2.7,3.2,2.7,2.6,2.992857143,Some Safeguards/Weakened Protection,GBR,826,Legislation,Legislation,Legislation,Legislation,Legislation,0.0,0.0,0.0,0.0,1.0,0.0,0.0,0.0,1.0,0.0,66144024,69281000.0,69281000.0,95.47,Europe,5,All 5 laws,87.30964470937155,100.0,87.65432098765433,93.82716049382717,90.56840260159936
Netherlands,2.7,3.3,3.8,2.6,2.9,3.1,2.9,3.1,3.2,2.9,2.6,2.7,2.7,3.3,2.985714286,Some Safeguards/Weakened Protection,NLD,528,Legislation,Legislation,Legislation,Legislation,Legislation,0.0,0.0,0.0,0.0,1.0,0.0,0.0,0.0,1.0,0.0,17454904,17993485.0,17993485.0,97.01,Europe,5,All 5 laws,86.80203050627432,100.0,92.07579672695955,96.03789836347977,91.41996443487704
Greece,3.2,2.5,3.3,2.8,2.8,2.9,2.9,3.8,2.9,3.4,2.5,3.0,2.8,2.9,2.978571429,Some Safeguards/Weakened Protection,GRC,300,Legislation,Legislation,Legislation,Legislation,No Legislation,0.0,0.0,0.0,0.0,1.0,0.0,0.0,0.0,1.0,0.0,8976477,10405134.0,10405134.0,86.27,Europe,4,Missing 1+ laws,86.29441630317712,80.0,61.240310077519375,70.62015503875969,78.4572856709684
Czechia,3.1,3.2,2.9,3.0,3.1,3.1,3.1,3.4,2.8,2.8,2.9,2.6,2.8,2.6,2.957142857,Some Safeguards/Weakened Protection,CZE,203,Legislation,Legislation,Legislation,Legislation,No Legislation,0.0,0.0,0.0,0.0,1.0,0.0,0.0,0.0,1.0,0.0,9562375,10905028.0,10905028.0,87.69,Europe,4,Missing 1+ laws,84.77157362281946,80.0,65.31725523973586,72.65862761986793,78.7151006213437
Bulgaria,3.3,3.2,3.3,2.8,3.0,3.1,3.2,3.4,2.8,2.6,2.8,2.8,2.8,2.2,2.95,Some Safeguards/Weakened Protection,BGR,100,Legislation,Legislation,Legislation,Legislation,Legislation,0.0,0.0,0.0,0.0,1.0,0.0,0.0,0.0,1.0,0.0,5310240,6441421.0,6441421.0,82.44,Europe,5,All 5 laws,84.26395941972226,100.0,50.24404249210451,75.12202124605226,79.69299033288726
Poland,3.1,3.2,3.4,3.1,2.7,2.8,3.1,3.2,2.3,2.6,3.3,2.9,2.7,2.6,2.928571429,Some Safeguards/Weakened Protection,POL,616,Legislation,Legislation,Legislation,Legislation,Legislation,0.0,0.0,0.0,0.0,1.0,0.0,0.0,0.0,1.0,0.0,32385982,36559233.0,36559233.0,88.58,Europe,5,All 5 laws,82.74111681043055,100.0,67.87252368647718,83.93626184323858,83.33868932683457
Slovakia,3.1,3.3,2.6,2.9,2.7,3.1,2.6,3.2,3.2,2.9,3.1,3.2,2.9,2.1,2.921428571,Some Safeguards/Weakened Protection,SVK,703,Legislation,No Legislation,Legislation,Legislation,Legislation,0.0,0.0,0.0,0.0,1.0,0.0,0.0,0.0,1.0,0.0,4870378,5422069.0,5422069.0,89.83,Europe,4,Missing 1+ laws,82.23350253626735,80.0,71.46138386448465,75.73069193224232,78.98209723425484
Latvia,3.1,3.2,3.3,2.9,2.7,2.9,2.8,3.2,2.9,2.7,2.7,2.8,2.7,2.8,2.907142857,Some Safeguards/Weakened Protection,LVA,428,Legislation,Legislation,Legislation,Legislation,Legislation,0.0,0.0,0.0,0.0,1.0,0.0,0.0,0.0,1.0,0.0,1730038,1866124.0,1866124.0,92.71,Europe,5,All 5 laws,81.21827413007294,100.0,79.73011771461384,89.86505885730692,85.54166649368993
Sweden,2.6,3.1,2.8,2.7,3.0,2.7,3.4,3.1,3.1,2.8,2.3,3.1,2.2,3.7,2.9,Some Safeguards/Weakened Protection,SWE,752,Legislation,Legislation,Legislation,Legislation,Legislation,0.0,0.0,0.0,0.0,1.0,0.0,0.0,0.0,1.0,0.0,10097170,10569709.0,10569709.0,95.53,Europe,5,All 5 laws,80.71065992697571,100.0,87.8265862761987,93.91329313809935,87.31197653253753
Estonia,2.9,2.7,3.1,2.4,2.7,3.2,2.8,2.9,2.8,2.2,3.6,2.9,3.1,3.3,2.9,Some Safeguards/Weakened Protection,EST,233,Legislation,Legislation,Legislation,Legislation,Legislation,0.0,0.0,0.0,0.0,1.0,0.0,0.0,0.0,1.0,0.0,1265819,1372341.0,1372341.0,92.24,Europe,5,All 5 laws,80.71065992697571,100.0,78.38070628768304,89.19035314384152,84.9505065354086
Romania,3.4,3.1,2.8,2.9,2.8,3.2,3.3,2.8,2.5,3.1,3.0,2.6,2.2,2.7,2.885714286,Some Safeguards/Weakened Protection,ROU,642,Legislation,Legislation,Legislation,Legislation,No Legislation,0.0,0.0,0.0,0.0,1.0,0.0,0.0,0.0,1.0,0.0,17392486,19051804.0,19051804.0,91.29,Europe,4,Missing 1+ laws,79.69543152078126,80.0,75.65317255239738,77.8265862761987,78.76100889848998
Luxembourg,2.7,3.1,3.1,3.2,2.5,2.9,2.6,3.0,2.4,3.1,3.1,2.9,2.7,2.9,2.871428571,Some Safeguards/Weakened Protection,LUX,442,Legislation,Legislation,Legislation,Legislation,Legislation,0.0,0.0,0.0,0.0,1.0,0.0,0.0,0.0,1.0,0.0,668621,677012.0,677012.0,98.76,Europe,5,All 5 laws,78.68020304352085,100.0,97.10020097616999,98.550100488085,88.61515176580292
Finland,2.9,2.6,2.8,2.7,2.7,2.7,2.4,3.6,2.1,2.9,2.9,2.7,3.1,4.1,2.871428571,Some Safeguards/Weakened Protection,FIN,246,Legislation,Legislation,Legislation,Legislation,Legislation,0.0,0.0,0.0,0.0,1.0,0.0,0.0,0.0,1.0,0.0,5267208,5619911.0,5619911.0,93.72,Europe,5,All 5 laws,78.68020304352085,100.0,82.62991673844388,91.31495836922194,84.9975807063714
Spain,3.4,3.2,3.1,2.7,2.6,3.2,2.9,3.4,2.7,2.6,2.7,2.6,2.6,2.4,2.864285714,Some Safeguards/Weakened Protection,ESP,724,Legislation,Legislation,Legislation,Legislation,Legislation,0.0,0.0,0.0,0.0,1.0,0.0,0.0,0.0,1.0,0.0,46776404,48848840.0,48848840.0,95.76,Europe,5,All 5 laws,78.17258884042364,100.0,88.48693654895207,94.24346827447604,86.20802855744984
Germany,3.3,3.4,3.8,2.3,2.7,2.4,2.6,3.1,2.8,2.4,3.0,2.3,2.8,2.8,2.835714286,Some Safeguards/Weakened Protection,DEU,276,Legislation,Legislation,Legislation,Legislation,Legislation,0.0,0.0,0.0,0.0,1.0,0.0,0.0,0.0,1.0,0.0,78088010,83516593.0,83516593.0,93.5,Europe,5,All 5 laws,76.14213202803474,100.0,81.99827734711457,90.99913867355728,83.57063535079601
Slovenia,2.4,2.6,2.6,2.8,2.6,2.8,2.7,3.4,2.9,2.5,2.9,2.4,2.2,3.0,2.7,Some Safeguards/Weakened Protection,SVN,705,Legislation,No Legislation,Legislation,Legislation,Legislation,0.0,0.0,0.0,0.0,1.0,0.0,0.0,0.0,1.0,0.0,1930904,2127400.0,2127400.0,90.76,Europe,4,Missing 1+ laws,66.4974619559896,80.0,74.13149583692223,77.06574791846111,71.78160493722535
Hungary,2.7,2.8,3.3,2.3,2.2,2.7,2.4,2.8,2.7,2.6,2.9,2.8,2.6,2.9,2.692857143,Some Safeguards/Weakened Protection,HUN,348,Legislation,Legislation,Legislation,Legislation,Legislation,0.0,0.0,0.0,0.0,1.0,0.0,0.0,0.0,1.0,0.0,8967208,9562065.0,9562065.0,93.78,Europe,5,All 5 laws,65.98984775289237,100.0,82.80218202698825,91.40109101349412,78.69546938319326
Italy,2.7,3.1,3.3,2.4,2.7,2.6,2.7,3.4,2.8,1.7,2.9,2.7,2.3,2.4,2.692857143,Some Safeguards/Weakened Protection,ITA,380,Legislation,Legislation,Legislation,Legislation,Legislation,0.0,0.0,0.0,0.0,1.0,0.0,0.0,0.0,1.0,0.0,52598028,58952704.0,58952704.0,89.22,Europe,5,All 5 laws,65.98984775289237,100.0,69.710020097617,84.85501004880851,75.42242890085043
Norway,3.1,3.3,3.2,2.9,2.9,3.1,3.2,3.2,2.9,3.2,2.8,2.8,2.8,4.1,3.107142857,Adequate Safeguards,NOR,578,Legislation,Legislation,Legislation,Legislation,Legislation,0.0,0.0,0.0,0.0,1.0,0.0,0.0,0.0,1.0,0.0,5516556,5572279.0,5572279.0,99.0,Europe,5,All 5 laws,95.43147210105903,100.0,97.78926213034741,98.89463106517371,97.16305158311637
South Africa,3.6,3.3,3.1,2.9,3.1,3.0,3.3,3.0,3.1,2.8,2.9,2.7,2.9,2.9,3.042857143,Some Safeguards/Weakened Protection,ZAF,710,Legislation,Legislation,Legislation,Legislation,Legislation,1.0,0.0,0.0,1.0,0.0,0.0,0.0,0.0,0.0,0.0,50154492,64007187.0,64007187.0,78.36,Africa,5,All 5 laws,90.86294420211807,100.0,38.53000287108815,69.26500143554408,80.06397281883108
Switzerland,3.1,3.2,3.3,3.1,2.9,3.2,2.7,2.9,3.1,3.1,3.0,2.7,2.7,3.3,3.021428571,Some Safeguards/Weakened Protection,CHE,756,Legislation,Legislation,Legislation,Legislation,Legislation,0.0,0.0,0.0,0.0,1.0,0.0,0.0,0.0,1.0,0.0,8766430,9005582.0,9005582.0,97.34,Europe,5,All 5 laws,89.34010152176042,100.0,93.02325581395351,96.51162790697676,92.92586471436859
Canada,3.2,3.2,2.8,2.9,2.6,3.1,3.0,3.3,2.7,3.1,2.8,2.6,3.3,2.9,2.964285714,Some Safeguards/Weakened Protection,CAN,124,Legislation,Legislation,Legislation,Legislation,Legislation,0.0,0.0,0.0,0.0,1.0,0.0,0.0,0.0,0.0,1.0,38932370,41262329.0,41262329.0,94.35,Northern America,5,All 5 laws,85.27918782591667,100.0,84.43870226815963,92.21935113407982,88.74926947999825
Iceland,3.2,3.1,2.7,3.0,2.9,3.1,3.0,3.1,2.7,3.3,2.8,2.7,2.8,3.1,2.964285714,Some Safeguards/Weakened Protection,ISL,352,Legislation,Legislation,Legislation,Legislation,No Legislation,0.0,0.0,0.0,0.0,1.0,0.0,0.0,0.0,1.0,0.0,379584,386506.0,386506.0,98.21,Europe,4,Missing 1+ laws,85.27918782591667,80.0,95.52110249784668,87.76055124892335,86.51986953742
New Zealand,3.0,3.1,3.2,3.0,2.8,2.8,2.9,3.0,2.9,3.1,2.7,2.6,2.5,3.2,2.914285714,Some Safeguards/Weakened Protection,NZL,554,Legislation,Legislation,Legislation,Legislation,Legislation,0.0,0.0,1.0,0.0,1.0,0.0,0.0,0.0,0.0,0.0,4947171,5290000.0,5290000.0,93.52,Asia & Oceania,5,All 5 laws,81.72588833317015,100.0,82.05569910996267,91.02784955498134,86.37686894407574
Israel,2.8,3.1,3.3,2.7,3.1,2.8,2.7,3.4,2.7,2.6,2.9,2.6,3.0,2.2,2.85,Some Safeguards/Weakened Protection,ISR,376,Legislation,No Legislation,Legislation,Legislation,Legislation,0.0,0.0,1.0,0.0,1.0,0.0,0.0,0.0,0.0,0.0,8820182,10002200.0,10002200.0,88.18,Asia & Oceania,4,Missing 1+ laws,77.15736043422919,80.0,66.72408842951482,73.36204421475742,75.2597023244933
Japan,3.2,3.2,2.7,2.3,2.7,2.7,3.3,2.9,2.8,2.9,2.9,2.6,2.7,2.6,2.821428571,Some Safeguards/Weakened Protection,JPN,392,Legislation,Legislation,Legislation,Legislation,Legislation,0.0,0.0,1.0,0.0,1.0,0.0,0.0,0.0,0.0,0.0,106050430,123975371.0,123975371.0,85.54,Asia & Oceania,5,All 5 laws,75.12690355077433,100.0,59.14441573356305,79.57220786678153,77.34955570877793
Philippines,2.9,3.2,3.1,2.7,2.8,2.0,3.1,2.7,2.8,3.1,2.8,2.9,3.1,2.2,2.814285714,Some Safeguards/Weakened Protection,PHL,608,Legislation,Legislation,Legislation,Legislation,Legislation,0.0,0.0,1.0,1.0,0.0,0.0,0.0,0.0,0.0,0.0,77919940,115843670.0,115843670.0,67.26,Asia & Oceania,5,All 5 laws,74.61928934767708,100.0,6.660924490381877,53.33046224519094,63.974875796434006
United States of America,3.1,2.9,3.2,2.7,2.7,2.9,3.1,2.6,2.9,2.3,2.2,2.8,2.5,2.5,2.742857143,Some Safeguards/Weakened Protection,USA,840,Legislation,Legislation,Legislation,Legislation,Legislation,0.0,0.0,0.0,0.0,1.0,0.0,0.0,0.0,0.0,1.0,321962530,340003797.0,340003797.0,94.69,Northern America,5,All 5 laws,69.54314724563892,100.0,85.41487223657766,92.70743611828883,81.12529168196387
Singapore,2.6,3.2,3.2,2.7,2.8,2.8,2.3,2.6,2.5,2.8,2.6,2.7,2.7,2.3,2.7,Some Safeguards/Weakened Protection,SGP,702,Legislation,No Legislation,Legislation,Legislation,Legislation,0.0,0.0,1.0,1.0,0.0,0.0,0.0,1.0,0.0,0.0,5697442,6036860.0,6036860.0,94.38,Asia & Oceania,4,Missing 1+ laws,66.4974619559896,80.0,84.52483491243181,82.2624174562159,74.37993970610276
Malaysia,2.7,2.7,2.9,2.4,2.6,2.4,2.7,2.8,2.7,2.9,2.5,2.6,2.8,2.3,2.642857143,Some Safeguards/Weakened Protection,MYS,458,Legislation,Legislation,Legislation,Legislation,Legislation,0.0,0.0,1.0,1.0,0.0,0.0,0.0,0.0,0.0,0.0,34853850,35557673.0,35557673.0,98.02,Asia & Oceania,5,All 5 laws,62.436548260145855,100.0,94.97559575078955,97.48779787539478,79.96217306777032
Thailand,2.7,3.2,2.3,2.6,2.8,2.5,2.2,2.6,2.3,2.8,2.8,2.6,2.7,1.7,2.557142857,Some Safeguards/Weakened Protection,THA,764,Legislation,Legislation,Legislation,Legislation,Legislation,0.0,0.0,1.0,1.0,0.0,0.0,0.0,0.0,0.0,0.0,65122704,71668011.0,71668011.0,90.87,Asia & Oceania,5,All 5 laws,56.34517768084725,100.0,74.44731553258688,87.22365776629344,71.78441772357034
India,3.4,2.7,2.3,1.6,2.4,2.3,1.8,2.3,2.4,2.6,2.7,2.8,2.4,2.1,2.414285714,Systemic Failure to Maintain Safeguards,IND,356,Legislation,Legislation,Legislation,Legislation,Legislation,0.0,0.0,1.0,1.0,0.0,0.0,0.0,0.0,0.0,0.0,942288450,1450935791.0,1450935791.0,64.94,Asia & Oceania,5,All 5 laws,46.19289340570487,100.0,0.0,50.0,48.09644670285243
Russia,2.7,2.9,2.6,2.9,1.3,1.9,1.4,2.8,1.4,1.4,2.6,2.2,1.6,1.7,2.1,Systemic Failure to Maintain Safeguards,RUS,643,Legislation,No Legislation,Legislation,Legislation,Legislation,0.0,0.0,0.0,0.0,1.0,0.0,0.0,0.0,1.0,0.0,135573800,143669648.0,143669648.0,94.36,Europe,4,Missing 1+ laws,23.857868043031267,80.0,84.4674131495837,82.23370657479185,53.04578730891156
China,2.5,2.3,2.7,1.1,2.1,1.3,1.2,2.1,1.7,1.2,2.6,1.4,1.2,1.3,1.764285714,Extensive Surveillance ,CHN,156,Legislation,Legislation,Legislation,Legislation,No Legislation,0.0,0.0,1.0,1.0,0.0,0.0,0.0,0.0,0.0,0.0,1296257000,1408975000.0,1408975000.0,92.0,Asia & Oceania,4,Missing 1+ laws,0.0,80.0,77.6916451335056,78.8458225667528,39.4229112833764
