country,region,privacy_score,law_score,users_score,digital_score,joint_score,privacy_rank,digital_rank,joint_rank
Ireland,europe,100.0,100.0,92.59,96.3,98.15,1,6,1
Norway,europe,95.43,100.0,97.79,98.89,97.16,2,2,2
Denmark,europe,92.39,100.0,100.0,100.0,96.19,5,1,3
Switzerland,europe,89.34,100.0,93.02,96.51,92.93,9,5,4
Netherlands,europe,86.8,100.0,92.08,96.04,91.42,12,7,5
Malta,europe,89.85,100.0,83.03,91.52,90.68,7,13,6
United Kingdom,europe,87.31,100.0,87.65,93.83,90.57,11,10,7
France,europe,94.42,100.0,68.07,84.04,89.23,3,24,8
Canada,northern_america,85.28,100.0,84.44,92.22,88.75,14,12,9
Luxembourg,europe,78.68,100.0,97.1,98.55,88.62,25,3,10
Portugal,europe,92.89,100.0,67.61,83.81,88.35,4,26,11
Sweden,europe,80.71,100.0,87.83,93.91,87.31,22,9,12
Lithuania,europe,89.85,100.0,69.54,84.77,87.31,7,23,13
Iceland,europe,85.28,80.0,95.52,87.76,86.52,14,20,14
New Zealand,asia_and_oceania,81.73,100.0,82.06,91.03,86.38,20,16,15
Spain,europe,78.17,100.0,88.49,94.24,86.21,27,8,16
Latvia,europe,81.22,100.0,79.73,89.87,85.54,21,18,17
Finland,europe,78.68,100.0,82.63,91.31,85.0,25,15,18
Estonia,europe,80.71,100.0,78.38,89.19,84.95,22,19,19
Germany,europe,76.14,100.0,82.0,91.0,83.57,29,17,20
Poland,europe,82.74,100.0,67.87,83.94,83.34,18,25,21
United States of America,northern_america,69.54,100.0,85.41,92.71,81.13,32,11,22
South Africa,africa,90.86,100.0,38.53,69.27,80.06,6,38,23
Malaysia,asia_and_oceania,62.44,100.0,94.98,97.49,79.96,37,4,24
Bulgaria,europe,84.26,100.0,50.24,75.12,79.69,17,34,25
Slovakia,europe,82.23,80.0,71.46,75.73,78.98,19,33,26
Romania,europe,79.7,80.0,75.65,77.83,78.76,24,31,27
Czechia,europe,84.77,80.0,65.32,72.66,78.72,16,36,28
Hungary,europe,65.99,100.0,82.8,91.4,78.7,35,14,29
Greece,europe,86.29,80.0,61.24,70.62,78.46,13,37,30
Cyprus,asia_and_oceania,89.34,60.0,70.8,65.4,77.37,9,39,31
Japan,asia_and_oceania,75.13,100.0,59.14,79.57,77.35,30,29,32
Italy,europe,65.99,100.0,69.71,84.86,75.42,35,22,33
Israel,asia_and_oceania,77.16,80.0,66.72,73.36,75.26,28,35,34
Singapore,asia_and_oceania,66.5,80.0,84.52,82.26,74.38,33,27,35
Thailand,asia_and_oceania,56.35,100.0,74.45,87.22,71.78,38,21,36
Slovenia,europe,66.5,80.0,74.13,77.07,71.78,33,32,37
Philippines,asia_and_oceania,74.62,100.0,6.66,53.33,63.97,31,40,38
Russia,europe,23.86,80.0,84.47,82.23,53.05,40,28,39
India,asia_and_oceania,46.19,100.0,0.0,50.0,48.1,39,41,40
China,asia_and_oceania,0.0,80.0,77.69,78.85,39.42,41,30,41
